age,height
0.2,45.08
12.94,132.92
5.96,81.21
16.8,155.15
1.89,57.7
12.0,116.84
14.75,139.65
12.45,122.02
17.97,167.09
13.84,127.68
5.25,71.6
5.42,77.09
10.8,113.02
11.33,118.82
3.28,62.75
14.05,134.25
16.14,145.75
12.68,125.38
1.44,54.57
14.5,136.48
6.73,84.67
1.46,53.39
0.37,48.37
12.39,122.03
16.02,153.33
14.47,143.25
9.06,98.21
16.01,148.41
17.85,159.44
6.33,81.04
1.94,59.26
16.44,149.17
8.78,94.5
17.7,167.09
13.26,122.81
0.8,52.53
14.85,141.76
11.29,113.97
8.55,93.46
12.05,120.21
10.98,115.91
9.21,95.93
8.4,99.23
1.61,56.39
1.31,50.36
16.17,150.0
9.47,104.1
14.53,133.69
14.08,129.44
11.79,114.02
10.94,108.01
12.67,124.09
6.98,88.0
17.65,159.29
9.23,95.53
13.35,128.82
17.96,161.99
5.08,72.5
7.56,89.34
7.73,91.73
3.08,62.47
10.94,112.67
7.56,88.64
15.63,149.72
7.51,85.96
1.82,63.69
6.73,83.88
5.43,77.53
2.34,58.68
11.92,115.07
5.92,79.07
12.68,126.63
2.77,63.02
15.35,145.45
13.43,128.62
2.96,59.21
2.74,56.77
16.08,153.38
3.48,68.85
1.95,54.19
6.36,82.65
17.69,161.54
16.32,151.09
0.93,49.14
0.23,49.96
5.25,75.21
0.03,43.99
5.41,79.3
16.24,146.36
5.8,79.42
15.05,142.21
14.56,134.82
10.41,102.49
0.79,44.15
5.11,72.23
8.85,95.03
1.09,44.52
12.64,122.56
3.0,59.46
10.11,104.81
9.53,100.7
16.39,150.45
17.85,160.86
0.96,50.75
6.28,79.88
8.47,98.72
3.01,61.67
3.35,59.85
9.98,111.31
10.06,106.4
10.28,109.64
13.83,132.01
1.77,50.66
14.07,135.99
1.88,56.56
9.97,99.47
10.51,105.32
6.78,86.17
15.61,143.96
14.4,135.31
0.17,47.71
16.77,161.15
3.31,63.61
1.25,56.83
11.44,111.33
1.74,56.94
13.56,130.18
5.11,67.38
7.24,86.63
15.96,146.43
2.52,56.64
6.32,89.42
8.13,86.16
7.35,87.92
0.17,39.59
5.84,79.22
5.61,76.15
8.81,100.01
13.59,131.57
17.12,157.83
11.25,111.55
10.56,107.73
1.85,58.63
5.88,81.01
13.04,122.99
3.99,66.29
2.26,60.32
5.33,77.67
9.65,108.84
13.69,128.78
10.93,113.41
3.31,62.35
11.92,119.96
15.27,143.06
7.87,93.32
0.28,50.26
14.17,132.61
4.29,61.22
7.25,88.68
10.49,108.47
10.17,104.73
12.38,124.16
15.4,151.0
3.34,64.72
9.18,97.3
12.79,123.66
0.68,47.12
11.73,114.59
6.31,78.89
16.16,148.1
7.06,84.08
11.67,117.19
8.9,96.92
8.01,92.19
1.82,51.35
1.65,51.21
3.63,67.17
4.32,63.93
2.38,57.77
0.89,48.71
7.6,86.67
7.78,90.42
0.06,44.54
7.96,87.39
6.5,85.18
6.76,85.93
9.98,98.71
17.77,162.94
13.45,132.75
0.96,57.03
8.86,101.21
1.52,48.61
11.01,110.38
13.97,131.34
3.19,59.66
5.92,73.71
4.61,71.02
8.33,94.36
12.86,123.65
0.01,46.3
1.02,49.17
1.35,55.62
13.77,133.77
6.51,84.2
9.27,98.73
14.45,130.7
11.61,115.02
16.92,156.69
12.8,115.69
10.47,106.9
14.86,145.71
17.12,154.73
2.25,55.75
1.54,56.2
15.68,151.15
1.13,49.37
2.57,64.19
5.66,76.78
11.54,115.61
1.83,52.43
15.37,143.79
8.77,100.5
14.37,131.65
16.91,154.88
11.84,113.2
12.62,121.89
9.95,104.78
17.18,158.49
5.79,76.19
14.54,138.75
3.15,61.27
7.11,88.89
4.71,66.19
9.55,96.87
12.3,126.55
15.09,137.57
11.25,105.39
9.05,93.74
16.92,155.88
14.19,136.3
9.71,109.26
10.01,111.45
16.34,150.62
1.24,55.3
10.37,108.18
6.72,84.16
4.63,73.93
5.3,78.85
17.41,159.2
9.78,107.4
16.0,150.46
15.34,144.23
11.73,115.5
15.96,150.12
6.04,82.69
11.61,117.86
6.01,78.99
9.26,103.11
11.7,118.22
2.91,58.18
5.91,82.36
2.35,49.47
6.41,78.06
16.25,145.79
14.33,137.54
15.73,147.18
16.75,155.04
3.34,63.43
1.6,48.77
10.81,108.48
3.18,66.29
7.99,93.31
0.42,45.44
8.62,90.49
15.52,148.11
7.53,89.6
6.05,80.85
14.17,135.52
7.61,90.92
10.75,100.75
2.24,58.32
5.29,76.96
8.93,94.93
12.35,127.11
7.88,89.3
3.05,59.33
12.11,121.29
13.92,131.34
7.76,87.19
12.29,119.65
11.89,116.03
10.03,103.63
12.57,122.78
8.95,98.73
6.0,74.23
16.4,153.32
7.34,88.58
7.59,93.08
6.93,87.62
7.73,87.89
5.87,76.85
6.1,78.86
4.91,72.08
7.77,88.69
15.24,144.37
0.3,46.44
10.5,109.18
6.86,80.43
16.61,147.17
10.78,110.8
0.89,49.86
2.62,54.18
16.55,151.08
14.66,136.43
3.45,64.0
15.34,143.11
8.22,94.0
15.26,139.77
7.25,85.91
12.52,121.34
13.61,131.38
5.73,78.58
17.5,159.69
0.47,42.19
9.23,99.2
1.43,47.64
13.62,127.99
13.92,131.69
14.22,133.96
4.83,78.71
0.42,51.51
17.1,161.48
0.18,48.07
11.23,110.45
9.6,104.45
2.77,58.54
5.74,77.71
5.21,69.8
1.26,50.39
14.54,140.9
13.5,122.8
17.79,164.87
5.54,74.77
0.15,43.67
9.31,104.36
13.36,126.77
6.45,84.33
16.3,152.2
7.17,85.64
14.87,141.21
11.33,112.42
11.07,116.57
3.74,68.43
13.68,126.63
16.92,154.01
14.45,136.76
8.61,95.9
10.8,113.27
9.34,97.59
9.59,98.13
10.18,106.42
5.15,72.98
11.34,116.19
15.68,151.24
7.4,85.36
1.82,51.56
4.34,65.51
13.64,134.74
9.46,103.85
3.12,61.42
9.09,99.96
16.24,146.7
10.75,112.0
4.49,69.17
11.57,114.99
10.54,108.78
17.4,160.21
14.66,138.67
6.16,71.14
0.14,49.06
3.04,56.96
8.15,90.16
11.99,119.58
7.39,85.44
0.76,45.84
4.77,71.94
10.78,112.57
14.33,132.53
11.75,116.23
4.1,62.58
4.94,72.47
2.87,66.48
5.2,77.05
11.41,112.87
7.17,86.31
17.38,159.85
0.56,48.04
8.55,96.47
3.04,64.54
0.38,48.31
6.3,80.83
6.22,81.79
9.72,101.71
7.72,87.6
9.4,96.35
8.42,96.27
12.91,126.46
12.33,122.99
15.64,144.66
5.07,76.7
2.3,60.18
2.14,57.3
11.38,117.79
3.08,61.73
16.13,152.05
6.49,79.96
14.96,143.51
3.11,57.53
0.95,47.39
14.15,134.71
17.38,162.86
9.74,103.39
11.39,111.25
10.91,112.65
5.83,70.74
10.79,110.46
5.92,78.86
11.05,111.88
0.38,48.08
3.11,62.88
16.58,153.35
4.56,68.38
6.81,82.82
2.07,57.24
9.01,94.24
9.01,94.91
2.74,59.73
17.53,160.1
14.27,137.45
8.69,98.7
10.79,109.78
12.48,120.27
14.48,139.68
16.48,147.63
4.75,73.93
11.59,121.17
7.53,87.25
10.52,110.86
10.33,108.73
13.11,125.03
